paper_title,journal,year,topic,doi,repository,repo_url,paper_url,reproducibility,code_health,technical_relevance,venue_score,citations,citations_per_year,openalex_id,repo_stars,repo_forks,repo_last_push,repo_license,citation_score,citation_velocity_score,github_score,reproducibility_score,papers_with_code_score,metrics_status,last_verified
GPR-FWI-Py: Open-source Python software for multi-scale regularized full waveform inversion in Ground Penetrating Radar using random excitation sources,Computers & Geosciences,2025,FWI / GPR,10.1016/j.cageo.2025.105870,nephilim2016/GPR-FWI-Py,https://github.com/nephilim2016/GPR-FWI-Py,https://doi.org/10.1016/j.cageo.2025.105870,High,High,95,90,41,20.5,https://openalex.org/W4407246841,33,3,2025-04-16T22:09:53Z,,54.1,66.6,36.7,88,77.5,citation-ok:doi;github-ok,2026-10-04
Full-waveform earthquake source inversion using simulation-based inference,Geophysical Journal International,2025,Waveform Inversion / Bayesian ML,10.1093/gji/ggaf112,asaoulis/seismo-sbi,https://github.com/asaoulis/seismo-sbi,https://doi.org/10.1093/gji/ggaf112,High,High,92,92,8,4.0,https://openalex.org/W4408983431,15,0,2026-10-03T14:36:24Z,,31.8,34.9,52.2,88,72.2,citation-ok:doi;github-ok,2026-10-04
"Quantitative imaging of water, ice, and air in permafrost systems through petrophysical joint inversion of seismic refraction and electrical resistivity data",Geophysical Journal International,2019,Joint Inversion / Petrophysics,10.1093/gji/ggz402,florian-wagner/four-phase-inversion,https://github.com/florian-wagner/four-phase-inversion,https://doi.org/10.1093/gji/ggz402,Very High,High,88,92,124,15.5,https://openalex.org/W2971558820,29,11,2024-07-03T19:35:26Z,NOASSERTION,69.8,60.9,30.9,100,80.0,citation-ok:doi;github-ok,2026-10-04
Magma chamber detected beneath an arc volcano with full-waveform inversion of active-source seismic data,"Geochemistry, Geophysics, Geosystems",2022,FWI / Active-source Seismology,10.1029/2022GC010475,kmch/Kolumbo-FWI,https://github.com/kmch/Kolumbo-FWI,https://doi.org/10.1029/2022GC010475,Very High,High,91,88,38,7.6,https://openalex.org/W4307329950,4,0,2024-01-11T15:17:05Z,GPL-3.0,53.0,46.7,10.0,100,74.1,citation-ok:doi;github-ok,2026-10-04
Deep-learning inversion: A next-generation seismic velocity model building method,GEOPHYSICS,2019,Deep Learning / Velocity Model Building,,YangFangShu/FCNVMB-Deep-learning-based-seismic-velocity-model-building,https://github.com/YangFangShu/FCNVMB-Deep-learning-based-seismic-velocity-model-building,,High,High,93,94,620,77.5,https://openalex.org/W2912052494,222,56,2022-08-28T02:18:26Z,,93.0,94.7,49.6,88,87.5,citation-ok:title:1.000;github-ok,2026-10-04
libEMMI MGFD: A program of marine controlled-source electromagnetic modelling and inversion using frequency-domain multigrid solver,Computer Physics Communications,2024,CSEM / Modelling & Inversion,10.1016/j.cpc.2024.109327,yangpl/libEMMI_MGFD,https://github.com/yangpl/libEMMI_MGFD,https://doi.org/10.1016/j.cpc.2024.109327,High,High,90,88,1,0.33,https://openalex.org/W4401077082,10,1,2026-09-09T22:08:23Z,GPL-3.0,10.0,6.2,51.5,88,65.2,citation-ok:doi;github-ok,2026-10-04
Multi-Region Full Waveform Inversion for Ground Penetrating Radar Common-offset Data,GEOPHYSICS,2025,GPR / FWI,,CSIMLab2024/MRFWI,https://github.com/CSIMLab2024/MRFWI,,High,Medium,88,94,,,,7,1,2024-07-09T07:06:08Z,,,,15.7,88,57.0,citation-unverified;github-ok,2026-10-04
Frequency-Domain Adapt-Then-Combine Full Waveform Inversion,Research implementation,2025,Distributed FWI / Seismic Networks,,bshin/fd-atcfwi,https://github.com/bshin/fd-atcfwi,,Medium,Medium,86,72,,,,4,2,2025-07-03T09:55:30Z,,,,27.4,70,51.9,citation-unverified;github-ok,2026-10-04
Geophysical inversion software WAVE-Inversion and associated FWI/joint inversion studies,GJI / GEOPHYSICS / GRL related publications,2022,FWI / Joint Inversion,,WAVE-Toolbox/WAVE-Inversion,https://github.com/WAVE-Toolbox/WAVE-Inversion,,High,High,89,86,,,,12,7,2022-09-12T15:30:30Z,AGPL-3.0,,,24.1,88,59.9,citation-unverified;github-ok,2026-10-04
InverseBench: Benchmarking Diffusion Models for Inverse Problems,ICLR,2025,Inverse Problems / Diffusion Models / FWI,,devzhk/InverseBench,https://github.com/devzhk/InverseBench,,High,High,82,88,,,,126,19,2026-07-16T07:30:56Z,MIT,,,73.1,88,63.6,citation-unverified;github-ok,2026-10-04
Implicit full waveform inversion imaging,Geophysical Journal International,2026,Implicit FWI / Imaging,10.1093/gji/ggag277,DeepWave-KAUST/ifwi-pub,https://github.com/DeepWave-KAUST/ifwi-pub,https://doi.org/10.1093/gji/ggag277,Very High,High,96,92,0,0.0,https://openalex.org/W7168086261,8,3,2026-09-08T11:45:39Z,MIT,0.0,0.0,52.9,100,67.2,citation-ok:doi;github-ok,2026-10-04
A Deep Learning-Based Time Shift Objective Function for Full Waveform Inversion,Geophysical Prospecting,2026,FWI / Learned Misfit,10.1111/1365-2478.70160,DeepWave-KAUST/DeepTimeshift-pub,https://github.com/DeepWave-KAUST/DeepTimeshift-pub,https://doi.org/10.1111/1365-2478.70160,Very High,High,95,91,1,1.0,https://openalex.org/W7139117513,8,4,2025-09-24T12:05:17Z,,10.0,15.1,37.0,100,68.3,citation-ok:doi;github-ok,2026-10-04
Deep learning-based self-supervised multiparameter inversion,Geophysical Journal International,2025,Self-supervised Inversion / Rock Physics,,AndyJulie2008/Deep-Learning-based-Self-supervised-Multi-parameter-Inversion,https://github.com/AndyJulie2008/Deep-Learning-based-Self-supervised-Multi-parameter-Inversion,,Very High,High,94,92,,,,3,0,2025-08-06T03:37:18Z,MIT,,,23.3,100,63.8,citation-unverified;github-ok,2026-10-04
Supervised pre-training and prior-guided fine-tuning for deep learning-based scatter interpolation and geophysical inversion,Geophysical Journal International,2025,Deep Learning / Geophysical Inversion,,ProgrammerZXG/Prior-Guided-Deep-Learning-Scatter-Interpolation-and-Geophysical-Inversion,https://github.com/ProgrammerZXG/Prior-Guided-Deep-Learning-Scatter-Interpolation-and-Geophysical-Inversion,,Very High,High,91,92,0,0.0,https://openalex.org/W4410942269,1,0,2024-09-25T06:54:55Z,,0.0,0.0,4.3,100,61.3,citation-ok:title:1.000;github-ok,2026-10-04
Mitigating local minima in full-waveform inversion by expanding the search space,Geophysical Journal International,2013,FWI / Optimization,,slimgroup/PenaltyMethodGJI,https://github.com/slimgroup/PenaltyMethodGJI,,Very High,High,95,92,334,23.86,https://openalex.org/W2331422999,6,1,2019-08-28T01:06:27Z,GPL-3.0,84.1,69.8,14.8,100,82.8,citation-ok:title:1.000;github-ok,2026-10-04
Acoustic full waveform inversion for 2-D ambient noise source imaging,Geophysical Journal International,2023,Ambient Noise / FWI,,arjundatta23/cc_kern_inv,https://github.com/arjundatta23/cc_kern_inv,,Very High,High,91,92,9,2.25,https://openalex.org/W4365458719,11,3,2023-07-07T07:42:02Z,GPL-3.0,33.3,25.6,20.9,100,70.5,citation-ok:title:1.000;github-ok,2026-10-04
Downward continuation of marine seismic reflection data: an undervalued tool to improve velocity models,Geophysical Journal International,2022,Marine Seismic / Velocity Model Building,10.1093/gji/ggac087,ejimeneztejero/DC,https://github.com/ejimeneztejero/DC,https://doi.org/10.1093/gji/ggac087,Very High,High,90,92,13,2.6,https://openalex.org/W4214694878,9,3,2026-09-10T10:47:39Z,GPL-3.0,38.2,27.8,53.6,100,74.6,citation-ok:doi;github-ok,2026-10-04
An iterative weighted least-square fitting method for crustal anisotropy using receiver functions,Geophysical Journal International,2024,Receiver Functions / Anisotropy,10.1093/gji/ggae206,Jucno/IWLS-method,https://github.com/Jucno/IWLS-method,https://doi.org/10.1093/gji/ggae206,High,High,82,92,1,0.33,https://openalex.org/W4399718527,2,1,2024-06-23T09:10:31Z,,10.0,6.2,9.6,88,59.8,citation-ok:doi;github-ok,2026-10-04
Geophysical inversion and optimal transport,Geophysical Journal International,2022,Optimal Transport / Inverse Problems,10.1093/gji/ggac151,msambridge/waveform-ot,https://github.com/msambridge/waveform-ot,https://doi.org/10.1093/gji/ggac151,Very High,High,93,92,31,6.2,https://openalex.org/W4225330699,43,11,2026-09-30T10:41:33Z,,50.1,42.9,68.1,100,79.9,citation-ok:doi;github-ok,2026-10-04
VIP: Variational Inversion Package with example implementations of Bayesian tomographic imaging,Seismica,2024,Bayesian Inversion / Tomography,,xin2zhang/VIP,https://github.com/xin2zhang/VIP,,Very High,High,91,86,8,2.67,https://openalex.org/W4399140146,63,13,2025-07-29T07:31:16Z,,31.8,28.2,50.5,100,72.9,citation-ok:title:1.000;github-ok,2026-10-04
3-D Bayesian variational full waveform inversion,Geophysical Journal International,2023,Bayesian FWI,,xin2zhang/VIP,https://github.com/xin2zhang/VIP,,High,High,94,92,78,19.5,https://openalex.org/W4319727201,63,13,2025-07-29T07:31:16Z,,63.2,65.6,50.5,88,80.2,citation-ok:title:1.000;github-ok,2026-10-04
PETGEM: A parallel code for 3D CSEM forward modeling using edge finite elements,Computers & Geosciences,2018,CSEM / HPC,10.1016/j.cageo.2018.07.005,ocastilloreyes/petgem,https://github.com/ocastilloreyes/petgem,https://doi.org/10.1016/j.cageo.2018.07.005,Very High,High,91,90,84,9.33,https://openalex.org/W2883552943,50,19,2026-07-30T08:00:28Z,BSD-3-Clause,64.2,50.7,68.1,100,82.2,citation-ok:doi;github-ok,2026-10-04
Parallel 3-D marine controlled-source electromagnetic modelling using high-order tetrahedral Nédélec elements,Geophysical Journal International,2019,CSEM / Finite Elements,10.1093/gji/ggz285,ocastilloreyes/petgem,https://github.com/ocastilloreyes/petgem,https://doi.org/10.1093/gji/ggz285,High,High,90,92,57,7.12,https://openalex.org/W2954264875,50,19,2026-07-30T08:00:28Z,BSD-3-Clause,58.7,45.5,68.1,88,78.5,citation-ok:doi;github-ok,2026-10-04
SimPEG: An open source framework for simulation and gradient based parameter estimation in geophysical applications,Computers & Geosciences,2015,Computational Geophysics / Inversion,10.1016/j.cageo.2015.09.015,simpeg/simpeg,https://github.com/simpeg/simpeg,https://doi.org/10.1016/j.cageo.2015.09.015,Very High,Very High,98,90,439,36.58,https://openalex.org/W1790833911,683,295,2026-10-04T00:37:28Z,MIT,88.0,78.7,98.0,100,94.5,citation-ok:doi;github-ok,2026-10-04
A framework for simulation and inversion in electromagnetics,Computers & Geosciences,2017,Electromagnetics / Inversion,10.1016/j.cageo.2017.06.018,simpeg/simpeg,https://github.com/simpeg/simpeg,https://doi.org/10.1016/j.cageo.2017.06.018,Very High,Very High,96,90,176,17.6,https://openalex.org/W2529422904,683,295,2026-10-04T00:37:28Z,MIT,74.9,63.5,98.0,100,90.6,citation-ok:doi;github-ok,2026-10-04
pyGIMLi: An open-source library for modelling and inversion in geophysics,Computers & Geosciences,2017,Computational Geophysics / Inversion,10.1016/j.cageo.2017.07.011,gimli-org/pyGIMLi,https://github.com/gimli-org/pyGIMLi,https://doi.org/10.1016/j.cageo.2017.07.011,Very High,Very High,98,90,537,53.7,https://openalex.org/W2742540029,511,163,2026-09-24T11:10:47Z,NOASSERTION,90.9,86.9,93.4,100,95.3,citation-ok:doi;github-ok,2026-10-04
PyLops—A linear-operator Python library for scalable algebra and optimization,SoftwareX,2020,Linear Operators / Inverse Problems,10.1016/j.softx.2019.100361,PyLops/pylops,https://github.com/PyLops/pylops,https://doi.org/10.1016/j.softx.2019.100361,Very High,Very High,94,86,110,15.71,https://openalex.org/W2994167575,539,126,2026-09-27T21:37:30Z,LGPL-3.0,68.1,61.1,92.9,100,88.0,citation-ok:doi;github-ok,2026-10-04
Constrained non-linear AVO inversion based on the adjoint-state optimization,Computers & Geosciences,2022,AVO / Adjoint Inversion,10.1016/j.cageo.2022.105214,nahmed215/avoinversion,https://github.com/nahmed215/avoinversion,https://doi.org/10.1016/j.cageo.2022.105214,Very High,High,93,90,36,7.2,https://openalex.org/W4292329159,23,2,2026-02-13T11:26:00Z,MIT,52.2,45.7,47.9,100,78.3,citation-ok:doi;github-ok,2026-10-04
"Design, implementation and application of the Marchenko plane-wave algorithm",Computers & Geosciences,2024,Marchenko / Seismic Imaging,,JanThorbecke/OpenSource,https://github.com/JanThorbecke/OpenSource,,Very High,Very High,94,90,0,0.0,https://openalex.org/W4383820076,178,67,2026-10-01T08:58:18Z,NOASSERTION,0.0,0.0,83.7,100,71.2,citation-ok:title:1.000;github-ok,2026-10-04
Measurement of intrinsic and scattering attenuation of shear waves in two sedimentary basins and comparison to crystalline sites in Germany,Geophysical Journal International,2016,Attenuation / Envelope Inversion,10.1093/gji/ggw035,trichter/qopen,https://github.com/trichter/qopen,https://doi.org/10.1093/gji/ggw035,Very High,Very High,83,92,70,6.36,https://openalex.org/W2308598531,34,16,2026-05-07T11:21:49Z,MIT,61.6,43.3,61.1,100,80.5,citation-ok:doi;github-ok,2026-10-04
SeisBench — A Toolbox for Machine Learning in Seismology,Seismological Research Letters,2022,Machine Learning / Seismology,10.1785/0220210324,seisbench/seisbench,https://github.com/seisbench/seisbench,https://doi.org/10.1785/0220210324,Very High,Very High,91,90,186,37.2,https://openalex.org/W4220904918,423,118,2026-09-24T09:55:13Z,GPL-3.0,75.7,79.1,91.0,100,90.6,citation-ok:doi;github-ok,2026-10-04
ObsPy: A Python Toolbox for Seismology,Seismological Research Letters,2010,Seismology / Scientific Python,10.1785/gssrl.81.3.530,obspy/obspy,https://github.com/obspy/obspy,https://doi.org/10.1785/gssrl.81.3.530,Very High,Very High,87,90,1879,110.53,https://openalex.org/W2112393517,1338,569,2026-09-29T18:47:07Z,NOASSERTION,100,100,99.8,100,96.4,citation-ok:doi;github-ok,2026-10-04
An open-source full 3D electromagnetic modeler for 1D VTI media in Python: empymod,GEOPHYSICS,2017,Electromagnetic Modelling,10.1190/geo2016-0626.1,emsig/empymod,https://github.com/emsig/empymod,https://doi.org/10.1190/geo2016-0626.1,Very High,Very High,90,94,105,10.5,https://openalex.org/W2626673453,98,23,2026-07-24T13:26:45Z,Apache-2.0,67.4,53.0,72.7,100,85.1,citation-ok:doi;github-ok,2026-10-04
